date,open,high,low,close,volume,yfinance_symbol,symbol,name_zh,market,ma20,ma60,ma120,ret1,ret5,ret20,ret60,high20,high60,near20,near60,vol20,volume_ratio,atr_pct,upper_shadow_pct,dist_ma20_pct,dollar_volume,bull,liquidity_pct,rule_near60,rule_ret20,rule_ret60,rule_volume,rule_bull,rule_rebound,rule_near_ma20,rule_count,score,anti_chase_pass,entry_pass,rule_profile,strategy
2026-05-15,297.8999938964844,303.20001220703125,296.5199890136719,300.2300109863281,54721100,AAPL,AAPL,蘋果,US,281.54649963378904,266.24999949137367,267.3969991048177,0.0067738157309671365,0.023557900891743255,0.11101653695124858,0.15216066642580217,303.20001220703125,303.20001220703125,-0.009795518143565052,-0.009795518143565052,48393105.0,1.1307623265752424,2.220917861132878,0.44460941747262334,6.636030416588712,16428916454.18396,False,0.9272727272727272,True,True,True,True,False,True,True,6,93.95453565737378,True,True,US_MINE_H10_MAX2_SC70_R5_L65_normal_only_near_or_rebound_SL10_TR0_A25_D16_momentum,美股 V104.2 驗證規則 H10 Top1 Max2 Stop-10%
2026-05-15,132.90499877929688,134.00999450683594,131.22500610351562,132.85000610351562,2799600,ABNB,ABNB,Airbnb,US,139.49749984741212,133.60399996439617,131.11337483723958,-0.006134451085974435,-0.06106437949121335,-0.061462357899498055,0.05595746507858501,147.25,147.25,-0.09779282781992782,-0.09779282781992782,3782175.0,0.7402090067223225,3.3412537813064414,0.3967685201926396,-4.765313895351375,371926877.08740234,False,0.03636363636363636,False,False,False,False,False,False,True,1,0.0,True,True,US_MINE_H10_MAX2_SC70_R5_L65_normal_only_near_or_rebound_SL10_TR0_A25_D16_momentum,美股 V104.2 驗證規則 H10 Top1 Max2 Stop-10%
2026-05-15,241.75999450683594,248.57000732421875,240.25999450683594,247.60000610351562,6415800,ADBE,ADBE,Adobe,US,246.8010009765625,250.0474998474121,282.7383337656657,0.04468170896638801,-0.021498527216864738,0.012886108384531525,-0.04478988362443026,259.44000244140625,285.3599853515625,-0.04563674154514652,-0.13232401593211018,5032425.0,1.2748923232835065,3.4156475374056456,0.11672680199410582,0.3237446865254068,1588552119.1589355,False,0.4,False,False,False,True,False,True,True,3,4.251552299206313,True,True,US_MINE_H10_MAX2_SC70_R5_L65_normal_only_near_or_rebound_SL10_TR0_A25_D16_momentum,美股 V104.2 驗證規則 H10 Top1 Max2 Stop-10%
2026-05-15,428.4200134277344,444.5,421.55999755859375,436.6199951171875,12750300,AMAT,AMAT,應用材料,US,411.4009979248047,378.96483205159507,335.6450829823812,-0.00894316883793389,0.0027098857917631225,0.09996471111938021,0.18059651994138926,448.45001220703125,448.45001220703125,-0.026379789871390003,-0.026379789871390003,7276215.0,1.7523259002104803,4.3414678728183205,0.3435049714113913,6.130028201096471,5567035923.742676,True,0.8,True,True,True,True,True,False,True,6,89.94245954900005,True,True,US_MINE_H10_MAX2_SC70_R5_L65_normal_only_near_or_rebound_SL10_TR0_A25_D16_momentum,美股 V104.2 驗證規則 H10 Top1 Max2 Stop-10%
2026-05-15,433.3399963378906,439.0,423.3599853515625,424.1000061035156,28991500,AMD,AMD,超微,US,371.71200103759764,266.28433380126955,242.770250193278,-0.05692685214277915,-0.06830114055919456,0.523402362829309,1.085361736175178,469.2200012207031,469.2200012207031,-0.09615957333405478,-0.09615957333405478,46625200.0,0.6217989413450237,6.546132463187113,0.3618924783216128,14.093708279442696,12295295326.950073,True,0.8909090909090909,False,True,True,False,True,False,True,4,100.0,True,True,US_MINE_H10_MAX2_SC70_R5_L65_normal_only_near_or_rebound_SL10_TR0_A25_D16_momentum,美股 V104.2 驗證規則 H10 Top1 Max2 Stop-10%
2026-05-15,262.5,264.3599853515625,260.8900146484375,264.1400146484375,40672200,AMZN,AMZN,亞馬遜,US,264.5270004272461,232.34633356730143,230.6814167022705,-0.011526033074604314,-0.03131868217958278,0.054198663881564135,0.2893684167796029,278.55999755859375,278.55999755859375,-0.05176616540974477,-0.05176616540974477,45770140.0,0.8886186496261537,2.721499097666874,0.06339266868359952,-0.14629348920283114,10743155503.78418,False,0.8727272727272727,False,True,True,True,False,False,True,4,87.39623484526064,True,True,US_MINE_H10_MAX2_SC70_R5_L65_normal_only_near_or_rebound_SL10_TR0_A25_D16_momentum,美股 V104.2 驗證規則 H10 Top1 Max2 Stop-10%
2026-05-15,144.99000549316406,145.89999389648438,141.77999877929688,141.97000122070312,10813500,ANET,ANET,Arista,US,160.08049926757812,143.71033325195313,138.03299967447916,-0.03951015786720091,0.0014107141300343518,-0.13554158854004794,0.034540593461614755,179.8000030517578,179.8000030517578,-0.21040045155152098,-0.21040045155152098,12102965.0,0.8934587516364791,6.07598176432006,0.22087123344493498,-11.313369292160246,1535192608.2000732,False,0.38181818181818183,False,False,False,True,False,False,True,2,0.0,True,True,US_MINE_H10_MAX2_SC70_R5_L65_normal_only_near_or_rebound_SL10_TR0_A25_D16_momentum,美股 V104.2 驗證規則 H10 Top1 Max2 Stop-10%
2026-05-15,479.989990234375,504.9800109863281,476.5,501.0,5345500,APP,APP,AppLovin,US,470.37849884033204,446.00183461507163,516.2194592793783,0.03264901520802699,0.06925624384258744,0.049874239698558975,0.21601941747572817,512.6900024414062,520.3599853515625,-0.022801307584971453,-0.03720498481158696,4695565.0,1.1384146529757335,5.963572906502843,0.1397475228587073,6.509970424915679,2678095500.0,False,0.5636363636363636,True,True,True,True,False,True,True,6,74.26140288708311,True,True,US_MINE_H10_MAX2_SC70_R5_L65_normal_only_near_or_rebound_SL10_TR0_A25_D16_momentum,美股 V104.2 驗證規則 H10 Top1 Max2 Stop-10%
2026-05-15,214.7899932861328,216.6999969482422,208.5,209.16000366210938,10146900,ARM,ARM,Arm,US,208.98600082397462,160.78825098673502,140.40129210154217,-0.08463893364503561,-0.01927134865670499,0.25448335045786896,0.6478374155773206,239.5,239.5,-0.12668056926050364,-0.12668056926050364,11658615.0,0.8703349411572472,7.747418333870579,0.23292736255454555,0.08326052340765777,2122325641.1590576,True,0.4909090909090909,False,True,True,True,True,False,True,5,99.81818181818181,True,True,US_MINE_H10_MAX2_SC70_R5_L65_normal_only_near_or_rebound_SL10_TR0_A25_D16_momentum,美股 V104.2 驗證規則 H10 Top1 Max2 Stop-10%
2026-05-15,1511.739990234375,1527.25,1486.6400146484375,1501.81005859375,1804100,ASML,ASML,艾司摩爾,US,1478.4429992675782,1421.873838297526,1325.5304987589518,-0.052192760324756615,-0.05666383577516898,0.02877792050996919,0.02939140555350339,1603.489990234375,1603.489990234375,-0.06341164102044872,-0.06341164102044872,1691110.0,1.0668141043456665,4.369299133035568,0.3819260123182546,1.5805181084254105,2709415526.7089844,True,0.5818181818181818,False,False,False,True,True,False,True,3,31.852183349769202,True,True,US_MINE_H10_MAX2_SC70_R5_L65_normal_only_near_or_rebound_SL10_TR0_A25_D16_momentum,美股 V104.2 驗證規則 H10 Top1 Max2 Stop-10%
2026-05-15,432.80999755859375,432.80999755859375,419.79998779296875,425.19000244140625,18898000,AVGO,AVGO,博通,US,418.5350006103516,361.91900024414065,355.7030832926432,-0.0331976757539828,-0.011186040833938926,0.04587492867734211,0.2730621122598085,442.3599853515625,442.3599853515625,-0.03881450284548349,-0.03881450284548349,19267435.0,0.9808259376507563,4.047939091207317,0.0,1.590070560729595,8035240666.137695,True,0.8363636363636363,True,True,True,True,True,False,True,6,86.50314081828833,True,True,US_MINE_H10_MAX2_SC70_R5_L65_normal_only_near_or_rebound_SL10_TR0_A25_D16_momentum,美股 V104.2 驗證規則 H10 Top1 Max2 Stop-10%
2026-05-15,385.6600036621094,403.5199890136719,385.54998779296875,391.8800048828125,1039900,AXON,AXON,Axon,US,397.5320022583008,443.7975011189779,494.82475051879885,0.009505660676985661,-0.028894294035807788,-0.027230981890277728,-0.11162493375820326,438.9700012207031,588.3800048828125,-0.10727383695227721,-0.3339678411388859,1159080.0,0.8971770714704765,6.246627742911869,0.6477453166474482,-1.4217716670306801,407516017.0776367,False,0.05454545454545454,False,False,False,True,False,True,True,3,0.0,False,True,US_MINE_H10_MAX2_SC70_R5_L65_normal_only_near_or_rebound_SL10_TR0_A25_D16_momentum,美股 V104.2 驗證規則 H10 Top1 Max2 Stop-10%
2026-05-15,154.94000244140625,156.64999389648438,153.0500030517578,154.1300048828125,6776300,BKNG,BKNG,Booking,US,170.14500045776367,171.8407938639323,186.64883346557616,-0.0022656062558665813,-0.07111425488956247,-0.19728134319942825,-0.0384783285373369,193.9199981689453,193.9199981689453,-0.2051876735862349,-0.2051876735862349,7536775.0,0.8990980890367565,4.0767989533436415,0.47499883439509344,-9.412557249324927,1044431152.0874023,False,0.2545454545454545,False,False,False,True,False,False,True,2,0.0,True,True,US_MINE_H10_MAX2_SC70_R5_L65_normal_only_near_or_rebound_SL10_TR0_A25_D16_momentum,美股 V104.2 驗證規則 H10 Top1 Max2 Stop-10%
2026-05-15,898.75,899.72998046875,880.2000122070312,888.3099975585938,2906200,CAT,CAT,Caterpillar,US,867.9719970703125,776.1039988199869,704.316581217448,-0.034676462324708446,-0.010184427571581556,0.11786317280187797,0.16801436279886794,931.3499755859375,931.3499755859375,-0.04621246486882247,-0.04621246486882247,2480440.0,1.1716469658608957,3.6092601562427835,0.05017829295047487,2.3431632076758913,2581606514.904785,True,0.5454545454545454,True,True,True,True,True,False,True,6,84.51224074907381,True,True,US_MINE_H10_MAX2_SC70_R5_L65_normal_only_near_or_rebound_SL10_TR0_A25_D16_momentum,美股 V104.2 驗證規則 H10 Top1 Max2 Stop-10%
2026-05-15,270.6499938964844,273.19500732421875,266.57000732421875,267.20001220703125,3829800,CEG,CEG,Constellation Energy,US,299.3605026245117,300.9789998372396,313.6371250152588,-0.029281396761762002,-0.11998153044802529,-0.09793720699811848,-0.08386474370142039,328.79998779296875,333.79998779296875,-0.18734786457694264,-0.1995206052171713,3256290.0,1.1761237481919609,5.369145365901732,0.3841529702240566,-10.743064009957049,1023322606.7504883,False,0.23636363636363636,False,False,False,True,False,False,True,2,0.0,True,True,US_MINE_H10_MAX2_SC70_R5_L65_normal_only_near_or_rebound_SL10_TR0_A25_D16_momentum,美股 V104.2 驗證規則 H10 Top1 Max2 Stop-10%
2026-05-15,205.63999938964844,206.0,192.3000030517578,195.42999267578125,14387700,COIN,COIN,Coinbase,US,199.46750106811524,190.054833984375,208.74024976094563,-0.07820386897147003,-0.028484842324585036,-0.052828037893386415,0.1777147752229784,222.35000610351562,222.35000610351562,-0.12107044159558822,-0.12107044159558822,10338030.0,1.3917255028279083,7.412592201789325,0.026277422667437402,-2.0241434673386904,2811788105.621338,False,0.6545454545454545,False,False,True,True,False,False,True,3,27.454009510799494,True,True,US_MINE_H10_MAX2_SC70_R5_L65_normal_only_near_or_rebound_SL10_TR0_A25_D16_momentum,美股 V104.2 驗證規則 H10 Top1 Max2 Stop-10%
2026-05-15,1049.3599853515625,1057.5,1039.219970703125,1048.949951171875,1962400,COST,COST,Costco,US,1012.0114959716797,1000.5706654866536,962.720832824707,0.007394911089435796,0.039810043734834544,0.049065332991335975,0.06188368669839295,1057.5,1057.5,-0.008085152556146613,-0.008085152556146613,1729510.0,1.1346566368509,1.9519526246834924,0.4452954924874791,3.6500035174727996,2058459384.1796875,True,0.4727272727272727,True,True,False,True,True,True,True,6,51.23904463056666,True,True,US_MINE_H10_MAX2_SC70_R5_L65_normal_only_near_or_rebound_SL10_TR0_A25_D16_momentum,美股 V104.2 驗證規則 H10 Top1 Max2 Stop-10%
2026-05-15,169.25,175.97000122070312,169.0,173.50999450683594,13776600,CRM,CRM,Salesforce,US,179.76300125122071,185.156334177653,209.8719175974528,0.035386040165816146,-0.045704611608361256,-0.04738116235715195,-0.06357601169052718,193.55999755859375,204.86000061035156,-0.10358546861258533,-0.15303136781271454,12209920.0,1.1283120610126847,3.981243537138098,0.35294207790956816,-3.4784726005136823,2390377790.322876,False,0.5272727272727272,False,False,False,True,False,False,True,2,0.0,True,True,US_MINE_H10_MAX2_SC70_R5_L65_normal_only_near_or_rebound_SL10_TR0_A25_D16_momentum,美股 V104.2 驗證規則 H10 Top1 Max2 Stop-10%
2026-05-15,573.1699829101562,598.25,560.6900024414062,594.0800170898438,3855000,CRWD,CRWD,CrowdStrike,US,488.9350021362305,432.3761662801107,449.28408381144203,0.02436417723148243,0.12564184228859454,0.40129732276014507,0.4073056248519811,598.25,598.25,-0.006970301563152925,-0.006970301563152925,2828450.0,1.3629372978132899,3.838372245783443,0.11102191643253063,21.504906479229113,2290178465.8813477,False,0.509090909090909,True,True,True,True,False,False,False,4,100.0,False,False,US_MINE_H10_MAX2_SC70_R5_L65_normal_only_near_or_rebound_SL10_TR0_A25_D16_momentum,美股 V104.2 驗證規則 H10 Top1 Max2 Stop-10%
2026-05-15,200.49000549316406,211.27999877929688,199.91000366210938,207.97999572753906,5490600,DDOG,DDOG,Datadog,US,158.14150009155273,132.1429167429606,134.00179176330568,0.025340167040262873,0.03906870464806067,0.6426822109227186,0.7245439333249111,211.27999877929688,211.27999877929688,-0.015619098214805449,-0.015619098214805449,6623680.0,0.8289349727039954,5.739700644700778,0.2902378600646318,31.515127659174457,1141934964.541626,False,0.2727272727272727,True,True,True,True,False,False,False,4,100.0,False,False,US_MINE_H10_MAX2_SC70_R5_L65_normal_only_near_or_rebound_SL10_TR0_A25_D16_momentum,美股 V104.2 驗證規則 H10 Top1 Max2 Stop-10%
2026-05-15,240.41000366210938,246.86000061035156,236.7899932861328,241.99000549316406,4827800,DELL,DELL,戴爾,US,224.16899948120118,181.1884994506836,152.79516684214275,-0.023800854859055476,-0.07091294850594976,0.2311880017088601,1.032504707335241,263.989990234375,263.989990234375,-0.08333643530074364,-0.08333643530074364,6122630.0,0.7885173528369345,5.760272235246125,0.4836138604859777,7.949808427216243,1168279348.5198975,True,0.2909090909090909,False,True,True,False,True,False,True,4,98.81762346404795,True,True,US_MINE_H10_MAX2_SC70_R5_L65_normal_only_near_or_rebound_SL10_TR0_A25_D16_momentum,美股 V104.2 驗證規則 H10 Top1 Max2 Stop-10%
2026-05-15,287.489990234375,288.30999755859375,281.30999755859375,281.5299987792969,4993400,GE,GE,GE Aerospace,US,290.3070007324219,303.76366628011067,305.4615834554036,-0.03433494365176504,-0.0525660287330475,-0.07431034669605807,-0.15895917131927406,310.0,348.4800109863281,-0.09183871361517137,-0.19212009325165536,6903565.0,0.7233074505708282,3.4411488128951486,0.11714390345982142,-3.023351807218333,1405791895.904541,False,0.34545454545454546,False,False,False,False,False,False,True,1,0.0,True,True,US_MINE_H10_MAX2_SC70_R5_L65_normal_only_near_or_rebound_SL10_TR0_A25_D16_momentum,美股 V104.2 驗證規則 H10 Top1 Max2 Stop-10%
2026-05-15,396.32000732421875,399.5400085449219,393.17999267578125,396.7799987792969,20205600,GOOGL,GOOGL,Alphabet,US,372.8920013427734,328.6759994506836,324.1859161376953,-0.01069640827431384,-0.010029913014239833,0.16126202085177344,0.3101535109220883,403.70001220703125,403.70001220703125,-0.01714147440794611,-0.01714147440794611,27741950.0,0.728341014240167,2.7905016150156956,0.43396271682541204,6.406143695896782,8017177943.334961,True,0.8181818181818182,True,True,True,False,True,False,True,5,100.0,True,True,US_MINE_H10_MAX2_SC70_R5_L65_normal_only_near_or_rebound_SL10_TR0_A25_D16_momentum,美股 V104.2 驗證規則 H10 Top1 Max2 Stop-10%
2026-05-15,78.54000091552734,78.58200073242188,76.41000366210938,77.13999938964844,19610700,HOOD,HOOD,Robinhood,US,79.88674964904786,76.59074974060059,93.09054145812988,-0.04411397389366689,0.001428023005254575,-0.1499724585162706,0.01969593963933791,92.37999725341797,93.31999969482422,-0.16497075467498634,-0.17338191553887428,28348915.0,0.6917619245745384,5.7622486907968495,0.019336958354409038,-3.438305190117541,1512769386.0305786,False,0.36363636363636365,False,False,False,False,False,False,True,1,0.0,True,True,US_MINE_H10_MAX2_SC70_R5_L65_normal_only_near_or_rebound_SL10_TR0_A25_D16_momentum,美股 V104.2 驗證規則 H10 Top1 Max2 Stop-10%
2026-05-15,109.79000091552734,110.56999969482422,105.0199966430664,108.7699966430664,134499900,INTC,INTC,英特爾,US,97.57150001525879,65.44883340199789,54.12533343633016,-0.0617614391724427,-0.12928275506406262,0.5878831626725023,1.4376960835232349,132.75,132.75,-0.1806403266059028,-0.1806403266059028,157072840.0,0.8562899862254989,8.45099187292448,0.1405402433156918,11.477220936499211,14629553671.492767,True,0.9090909090909091,False,True,True,True,True,False,True,5,100.0,True,True,US_MINE_H10_MAX2_SC70_R5_L65_normal_only_near_or_rebound_SL10_TR0_A25_D16_momentum,美股 V104.2 驗證規則 H10 Top1 Max2 Stop-10%
2026-05-15,430.0,431.9800109863281,420.55999755859375,421.1199951171875,2372500,ISRG,ISRG,Intuitive Surgical,US,453.0394989013672,469.02366638183594,506.1761665344238,-0.016212686261243725,-0.06430254321289353,-0.10249141581311516,-0.1569675572112189,491.1499938964844,511.8800048828125,-0.1425837313439049,-0.17730719875726186,2440720.0,0.9720492313743485,3.0013509005969468,0.17338079318886937,-7.045633738688428,999107188.4155273,False,0.21818181818181817,False,False,False,True,False,False,True,2,0.0,True,True,US_MINE_H10_MAX2_SC70_R5_L65_normal_only_near_or_rebound_SL10_TR0_A25_D16_momentum,美股 V104.2 驗證規則 H10 Top1 Max2 Stop-10%
2026-05-15,1830.75,1845.5,1802.56005859375,1804.3199462890625,979400,KLAC,KLAC,科磊,US,1812.671484375,1627.0853271484375,1486.0277435302735,-0.04681606277024952,-0.03470487063951555,0.007189749756668862,0.22751201872270732,1939.3599853515625,1939.3599853515625,-0.06963123921421954,-0.06963123921421954,1055675.0,0.9277476496080707,4.843295668510409,0.3435030304408638,-0.4607309243802149,1767150955.3955078,False,0.43636363636363634,False,False,True,True,False,False,True,3,55.02761777857412,True,True,US_MINE_H10_MAX2_SC70_R5_L65_normal_only_near_or_rebound_SL10_TR0_A25_D16_momentum,美股 V104.2 驗證規則 H10 Top1 Max2 Stop-10%
2026-05-15,1006.97998046875,1014.3800048828125,997.4099731445312,1004.9199829101562,2814800,LLY,LLY,禮來,US,944.4455047607422,953.9050038655599,1002.7530039469401,-0.0017681824528565926,0.0595392165916262,0.08402096065038855,-0.017884705456240768,1022.8200073242188,1064.449951171875,-0.017500659241981853,-0.055925568126693914,3460835.0,0.813329731119802,3.234159922742688,0.43606426482806243,6.4031728505854035,2828648767.895508,False,0.6727272727272727,False,True,False,True,False,False,True,3,43.55383145929619,True,True,US_MINE_H10_MAX2_SC70_R5_L65_normal_only_near_or_rebound_SL10_TR0_A25_D16_momentum,美股 V104.2 驗證規則 H10 Top1 Max2 Stop-10%
2026-05-15,289.44000244140625,289.44000244140625,276.4800109863281,284.7200012207031,9637700,LRCX,LRCX,科林研發,US,273.2079963684082,245.5534990946452,220.89816602071127,-0.04823664706733877,-0.03172925339087096,0.0639760640011533,0.19937656157691763,302.0,302.0,-0.0572185390042943,-0.0572185390042943,9545015.0,1.0097103042792495,4.9083304348851335,0.0,4.213641256960687,2744045955.7647705,True,0.6,False,True,True,True,True,False,True,5,72.78749764764902,True,True,US_MINE_H10_MAX2_SC70_R5_L65_normal_only_near_or_rebound_SL10_TR0_A25_D16_momentum,美股 V104.2 驗證規則 H10 Top1 Max2 Stop-10%
2026-05-15,1591.0,1594.050048828125,1538.1099853515625,1546.81005859375,619200,MELI,MELI,MercadoLibre,US,1754.8700134277344,1750.0981689453124,1906.9943379720053,-0.03767641346261552,-0.05250162932893776,-0.16651304525651878,-0.22525856063480598,1903.0,2020.550048828125,-0.18717285412834994,-0.23446090360846739,662165.0,0.9351143597139686,4.929962111955549,0.05452351389273798,-11.856146224049224,957784788.28125,False,0.2,False,False,False,True,False,False,True,2,0.0,True,True,US_MINE_H10_MAX2_SC70_R5_L65_normal_only_near_or_rebound_SL10_TR0_A25_D16_momentum,美股 V104.2 驗證規則 H10 Top1 Max2 Stop-10%
2026-05-15,613.989990234375,621.2000122070312,609.3099975585938,614.22998046875,13208700,META,META,Meta,US,634.7114990234375,627.0261647542318,640.5938313802084,-0.006791410922453722,0.007545520314115262,-0.10793698154354636,-0.047380575452126594,683.3800048828125,691.52001953125,-0.10118824653923042,-0.11176833190583757,15844755.0,0.8336323281742128,2.8121164018219766,0.5862088436701128,-3.226902078534921,8113179543.017578,False,0.8545454545454545,False,False,False,True,False,False,True,2,0.0,False,True,US_MINE_H10_MAX2_SC70_R5_L65_normal_only_near_or_rebound_SL10_TR0_A25_D16_momentum,美股 V104.2 驗證規則 H10 Top1 Max2 Stop-10%
2026-05-15,173.89999389648438,182.13999938964844,173.33999633789062,176.88999938964844,24701400,MRVL,MRVL,Marvell,US,164.59549942016602,119.98816693623861,102.1256669362386,-0.031164434134858476,0.03973428738506346,0.2663039322649159,1.2219570158707889,192.14999389648438,192.14999389648438,-0.0794170959748084,-0.0794170959748084,26303060.0,0.9391074650630002,6.013825912377264,0.5965907021988254,7.469523779686105,4369430630.923462,True,0.7454545454545455,False,True,True,True,True,False,True,5,100.0,False,True,US_MINE_H10_MAX2_SC70_R5_L65_normal_only_near_or_rebound_SL10_TR0_A25_D16_momentum,美股 V104.2 驗證規則 H10 Top1 Max2 Stop-10%
2026-05-15,414.2699890136719,428.1700134277344,412.9100036621094,421.9200134277344,50310800,MSFT,MSFT,微軟,US,417.40549926757814,398.9559992472331,429.6399164835612,0.03050587640227831,0.016380849851926005,-0.0020577475806055068,0.05887673160606677,433.70001220703125,433.70001220703125,-0.027161628885713718,-0.027161628885713718,34516840.0,1.4575725935514374,2.704304398738044,0.4095672346212303,1.0815655682730352,21227133411.56006,False,0.9454545454545454,True,False,False,True,False,True,True,4,41.41171780851214,True,True,US_MINE_H10_MAX2_SC70_R5_L65_normal_only_near_or_rebound_SL10_TR0_A25_D16_momentum,美股 V104.2 驗證規則 H10 Top1 Max2 Stop-10%
2026-05-15,732.5700073242188,749.5900268554688,719.0,724.6599731445312,48157400,MU,MU,美光,US,605.6645065307617,473.7688354492187,398.14250055948895,-0.06617187404142222,-0.02965951779766396,0.5924142691923018,0.7363363185498393,818.6699829101562,818.6699829101562,-0.11483260865561995,-0.11483260865561995,47351220.0,1.017025538095956,7.375281589826413,0.5563911274634019,19.647092628124096,34897740190.71045,True,0.9818181818181818,False,True,True,True,True,False,False,4,100.0,False,False,US_MINE_H10_MAX2_SC70_R5_L65_normal_only_near_or_rebound_SL10_TR0_A25_D16_momentum,美股 V104.2 驗證規則 H10 Top1 Max2 Stop-10%
2026-05-15,197.75999450683594,201.1699981689453,194.0,197.55999755859375,3384700,NET,NET,Cloudflare,US,211.3909996032715,202.36900024414064,196.92875035603842,-0.01126069780037009,0.007291044920106238,-0.017065564659069388,0.02553985768549416,258.8800048828125,258.8800048828125,-0.23686652567847621,-0.23686652567847621,4670785.0,0.7246533505609871,7.761802346666117,0.4755933797694369,-6.5428528511786705,668681323.7365723,False,0.10909090909090909,False,False,False,False,False,False,True,1,1.403924590631373,True,True,US_MINE_H10_MAX2_SC70_R5_L65_normal_only_near_or_rebound_SL10_TR0_A25_D16_momentum,美股 V104.2 驗證規則 H10 Top1 Max2 Stop-10%
2026-05-15,87.69000244140625,89.48999786376953,86.69000244140625,87.0199966430664,31860700,NFLX,NFLX,Netflix,US,90.2444995880127,93.52483278910319,92.14399992624918,0.0009201081138003886,-0.005372056602801156,-0.10574453985913801,0.13012982653332994,97.5999984741211,108.94999694824219,-0.10840165979982064,-0.20128500155529006,37590405.0,0.8475753320561457,2.7054542457687414,0.6428565589739538,-3.5730742146800165,2772518007.045746,False,0.6181818181818182,False,False,True,True,False,False,True,3,14.485706874302455,False,True,US_MINE_H10_MAX2_SC70_R5_L65_normal_only_near_or_rebound_SL10_TR0_A25_D16_momentum,美股 V104.2 驗證規則 H10 Top1 Max2 Stop-10%
2026-05-15,92.08999633789062,96.66999816894531,91.97000122070312,95.06999969482422,34342100,NOW,NOW,ServiceNow,US,91.90449981689453,101.21266670227051,120.99348322550456,0.050497234196952734,0.04266285782659329,-0.01644945072465831,-0.1145571643579879,104.5,126.66999816894531,-0.0902392373701032,-0.24946711084636475,28347515.0,1.2114677424105782,4.602622659550606,0.34042542830150085,3.4443361143757567,3264903436.519623,False,0.7090909090909091,False,False,False,True,False,True,True,3,0.0,True,True,US_MINE_H10_MAX2_SC70_R5_L65_normal_only_near_or_rebound_SL10_TR0_A25_D16_momentum,美股 V104.2 驗證規則 H10 Top1 Max2 Stop-10%
2026-05-15,229.75999450683594,231.5,224.24000549316406,225.32000732421875,179993300,NVDA,NVDA,輝達,US,210.3010009765625,191.90550003051757,187.9444169362386,-0.04420122985552177,0.047026071187215246,0.11721546760684864,0.1991485611667947,236.5399932861328,236.5399932861328,-0.04743377982742103,-0.04743377982742103,153524025.0,1.1724112887217488,3.6443408415014282,0.2396703594645548,7.141671355777368,40556091674.3103,True,1.0,True,True,True,True,True,False,True,6,98.48181531147391,True,True,US_MINE_H10_MAX2_SC70_R5_L65_normal_only_near_or_rebound_SL10_TR0_A25_D16_momentum,美股 V104.2 驗證規則 H10 Top1 Max2 Stop-10%
2026-05-15,45.400001525878906,45.5,44.25,44.7400016784668,16367800,NVO,NVO,諾和諾德,US,43.269499969482425,39.83166675567627,46.12966677347819,-0.023144051883215333,-0.028869069354624743,0.10414612964039516,-0.07657376730756471,47.790000915527344,47.790000915527344,-0.06382086584287083,-0.06382086584287083,18285410.0,0.8951289580053168,3.1355773784294896,0.079998779296875,3.398471694892491,732295399.4728088,False,0.14545454545454545,False,True,False,True,False,False,True,3,27.64763350720671,True,True,US_MINE_H10_MAX2_SC70_R5_L65_normal_only_near_or_rebound_SL10_TR0_A25_D16_momentum,美股 V104.2 驗證規則 H10 Top1 Max2 Stop-10%
2026-05-15,190.49000549316406,196.42999267578125,188.89999389648438,192.9499969482422,15674200,ORCL,ORCL,甲骨文,US,182.04899978637695,161.3864990234375,173.3130827585856,-0.013598505463981891,-0.015310028306825707,0.10219353158428168,0.232592342044867,200.7100067138672,200.7100067138672,-0.03866279460937738,-0.03866279460937738,25932155.0,0.6044310625167866,4.795839229288172,0.4621509019506126,5.987946747665118,3024336842.1661377,False,0.6909090909090909,True,True,True,False,False,False,True,4,95.05763641140578,True,True,US_MINE_H10_MAX2_SC70_R5_L65_normal_only_near_or_rebound_SL10_TR0_A25_D16_momentum,美股 V104.2 驗證規則 H10 Top1 Max2 Stop-10%
2026-05-15,237.8300018310547,245.8000030517578,230.25999450683594,242.8300018310547,11538900,PANW,PANW,Palo Alto,US,193.90100021362304,171.42416687011718,176.6755839029948,0.019394630733279516,0.16812582320240188,0.4467083288713005,0.6082521557497962,245.8000030517578,245.8000030517578,-0.012082999120540006,-0.012082999120540006,7273865.0,1.5863505852803153,3.91514315838502,0.1911196645817582,25.234011977001657,2801991108.128357,False,0.6363636363636364,True,True,True,True,False,False,False,4,100.0,False,False,US_MINE_H10_MAX2_SC70_R5_L65_normal_only_near_or_rebound_SL10_TR0_A25_D16_momentum,美股 V104.2 驗證規則 H10 Top1 Max2 Stop-10%
2026-05-15,132.8000030517578,135.63999938964844,132.2899932861328,133.99000549316406,32344600,PLTR,PLTR,Palantir,US,139.79050064086914,143.67383346557617,155.5541669209798,0.0019442890445815486,-0.02764874799866812,-0.08470519808856014,-0.006672057977290202,152.67999267578125,162.39999389648438,-0.12241281162690199,-0.17493835881194164,44349015.0,0.7293194674109448,4.269455955774713,0.49253459411695044,-4.149420111604673,4333853131.674194,False,0.7272727272727273,False,False,False,False,False,False,True,1,0.0,True,True,US_MINE_H10_MAX2_SC70_R5_L65_normal_only_near_or_rebound_SL10_TR0_A25_D16_momentum,美股 V104.2 驗證規則 H10 Top1 Max2 Stop-10%
2026-05-15,44.790000915527344,45.22999954223633,44.380001068115234,44.40999984741211,16474700,PYPL,PYPL,PayPal,US,48.23249988555908,46.60749994913737,50.94666681289673,-0.013987590037948805,-0.021159336721914612,-0.12595948342648844,0.06422238999699159,52.29999923706055,52.29999923706055,-0.150860411180608,-0.150860411180608,14997585.0,1.0984901902539643,3.44838657644264,0.5176463724407824,-7.9251542988992725,731641424.4861603,False,0.12727272727272726,False,False,False,True,False,False,True,2,0.0,False,True,US_MINE_H10_MAX2_SC70_R5_L65_normal_only_near_or_rebound_SL10_TR0_A25_D16_momentum,美股 V104.2 驗證規則 H10 Top1 Max2 Stop-10%
2026-05-15,201.64999389648438,207.39999389648438,199.16000366210938,201.49000549316406,25824900,QCOM,QCOM,高通,US,176.8260009765625,147.7770004272461,155.58099975585938,0.007047199366281287,-0.08033224309147846,0.47936864910307553,0.4262759212816303,247.89999389648438,247.89999389648438,-0.1872125435497176,-0.1872125435497176,29541750.0,0.8741831475792734,9.270577151512406,0.6978163609967112,13.948177519363036,5203459242.860413,False,0.7818181818181819,False,True,True,True,False,True,True,5,100.0,False,True,US_MINE_H10_MAX2_SC70_R5_L65_normal_only_near_or_rebound_SL10_TR0_A25_D16_momentum,美股 V104.2 驗證規則 H10 Top1 Max2 Stop-10%
2026-05-15,712.6900024414062,717.8900146484375,693.7000122070312,698.25,728000,REGN,REGN,Regeneron,US,722.7845001220703,748.3891642252604,755.2109985351562,-0.020508641431575714,-0.023276328256760737,-0.06970703174076931,-0.10753087292333574,767.2100219726562,794.77001953125,-0.08988415166338115,-0.12144396134642432,820020.0,0.8877832247993951,3.075136671797478,0.21496534444867774,-3.3944419281164318,508326000.0,False,0.07272727272727272,False,False,False,True,False,False,True,2,0.0,True,True,US_MINE_H10_MAX2_SC70_R5_L65_normal_only_near_or_rebound_SL10_TR0_A25_D16_momentum,美股 V104.2 驗證規則 H10 Top1 Max2 Stop-10%
2026-05-15,97.5,101.44999694824219,96.0,100.27999877929688,15842200,SHOP,SHOP,Shopify,US,116.14400100708008,119.8716667175293,134.57316659291584,0.02935742829097321,-0.09174897696601492,-0.23537931036087534,-0.18998387473890277,137.3000030517578,137.3000030517578,-0.2696285757437715,-0.2696285757437715,13135385.0,1.2060704730009817,6.324079176326227,0.2146786833197544,-13.65890798511078,1588655796.661377,False,0.41818181818181815,False,False,False,True,False,False,True,2,0.0,True,True,US_MINE_H10_MAX2_SC70_R5_L65_normal_only_near_or_rebound_SL10_TR0_A25_D16_momentum,美股 V104.2 驗證規則 H10 Top1 Max2 Stop-10%
2026-05-15,31.600000381469727,31.959999084472656,30.639999389648438,31.040000915527344,27276500,SMCI,SMCI,超微電腦,US,29.99699993133545,28.48366657892863,30.006499989827475,-0.060248196709497215,-0.12242007766797203,0.08683478627310004,-0.034825837599464116,36.369998931884766,36.369998931884766,-0.1465493036263119,-0.1465493036263119,38547290.0,0.7076113521858476,7.370674603418445,0.2727263532063694,3.477017657030279,846662584.9723816,False,0.16363636363636364,False,True,False,False,False,False,True,2,23.40277076274839,True,True,US_MINE_H10_MAX2_SC70_R5_L65_normal_only_near_or_rebound_SL10_TR0_A25_D16_momentum,美股 V104.2 驗證規則 H10 Top1 Max2 Stop-10%
2026-05-15,149.97000122070312,159.8300018310547,149.07000732421875,157.47000122070312,7729000,SNOW,SNOW,Snowflake,US,147.2490005493164,156.5453338623047,184.75783373514813,0.044507873165005485,0.03292885780880184,0.0936936094837224,-0.12126113893749269,159.8300018310547,184.74000549316406,-0.014765692193673075,-0.1476128800562908,6888430.0,1.122026354336184,4.966479086465474,0.21933102371494978,6.9413039363642515,1217085639.4348145,False,0.3090909090909091,False,True,False,True,False,True,True,4,14.289901026934904,True,True,US_MINE_H10_MAX2_SC70_R5_L65_normal_only_near_or_rebound_SL10_TR0_A25_D16_momentum,美股 V104.2 驗證規則 H10 Top1 Max2 Stop-10%
2026-05-15,433.9800109863281,434.6600036621094,422.0,422.239990234375,52271800,TSLA,TSLA,特斯拉,US,401.32000122070315,389.92900034586586,414.760083770752,-0.04750732717914996,-0.014264073262704846,0.0539663406237707,0.025576252696907886,453.3999938964844,453.3999938964844,-0.0687251964745802,-0.0687251964745802,59934275.0,0.8721520365433636,4.094658308597927,0.053711886183447716,5.2127950139637,22071244321.533203,False,0.9636363636363636,False,True,False,True,False,False,True,3,45.44005705290839,True,True,US_MINE_H10_MAX2_SC70_R5_L65_normal_only_near_or_rebound_SL10_TR0_A25_D16_momentum,美股 V104.2 驗證規則 H10 Top1 Max2 Stop-10%
2026-05-15,406.5,409.8699951171875,398.8299865722656,404.3500061035156,11831300,TSM,TSM,台積電ADR,US,397.83999786376955,367.9770004272461,343.3248331705729,-0.03200707430363969,-0.017805059032923065,0.09136303941569679,0.12197893856177267,421.9700012207031,421.9700012207031,-0.0417565112833026,-0.0417565112833026,14323150.0,0.8260263978245009,3.8580446860918154,0.30525294463993985,1.6363382954710515,4783986227.212524,True,0.7636363636363637,True,True,True,True,True,False,True,6,73.90188662194319,True,True,US_MINE_H10_MAX2_SC70_R5_L65_normal_only_near_or_rebound_SL10_TR0_A25_D16_momentum,美股 V104.2 驗證規則 H10 Top1 Max2 Stop-10%
2026-05-15,74.30999755859375,75.56500244140625,73.62999725341797,75.08999633789062,16234200,UBER,UBER,Uber,US,75.47349967956544,74.23633346557617,78.01216684977213,0.0053553873799665475,-0.004771380051857621,-0.026322696270668633,0.029476197210323685,80.83000183105469,80.83000183105469,-0.07101330401008066,-0.07101330401008066,17027325.0,0.9534204579991279,3.5076035295955723,0.24548053228191227,-0.5081297982775901,1219026018.548584,False,0.32727272727272727,False,False,False,True,False,True,True,3,8.877204468194464,True,True,US_MINE_H10_MAX2_SC70_R5_L65_normal_only_near_or_rebound_SL10_TR0_A25_D16_momentum,美股 V104.2 驗證規則 H10 Top1 Max2 Stop-10%
2026-05-15,364.30999755859375,373.9100036621094,356.2699890136719,370.94000244140625,4860900,VRT,VRT,Vertiv,US,336.53700103759763,289.235001373291,235.68408381144206,-0.014060570370379333,0.09109627646410456,0.20693696512442705,0.5261252619406649,379.93499755859375,379.93499755859375,-0.023675089620561418,-0.023675089620561418,5764515.0,0.8432452686826212,4.81585451039901,0.16836727632571433,10.222650495410202,1803102257.8674316,True,0.45454545454545453,True,True,True,True,True,False,True,6,100.0,True,True,US_MINE_H10_MAX2_SC70_R5_L65_normal_only_near_or_rebound_SL10_TR0_A25_D16_momentum,美股 V104.2 驗證規則 H10 Top1 Max2 Stop-10%
2026-05-15,453.45001220703125,453.45001220703125,435.8599853515625,436.95001220703125,1288100,VRTX,VRTX,Vertex,US,433.50400390625,450.60950063069663,453.9564165751139,-0.02988386435834045,0.016588350382289674,-0.00963281931643667,-0.06887288248407253,456.67999267578125,507.9200134277344,-0.04320307608211171,-0.13972672732810232,1099760.0,1.1712555466647268,2.539683725892421,0.0,0.7949196016022286,562835310.723877,False,0.09090909090909091,False,False,False,True,False,False,True,2,0.0,True,True,US_MINE_H10_MAX2_SC70_R5_L65_normal_only_near_or_rebound_SL10_TR0_A25_D16_momentum,美股 V104.2 驗證規則 H10 Top1 Max2 Stop-10%
2026-05-15,139.77499389648438,141.08999633789062,137.80999755859375,139.67999267578125,6624200,VST,VST,Vistra,US,154.520499420166,158.4831657409668,161.55958290100097,-0.015644829571469954,-0.054427352277838015,-0.14547909617862842,-0.1902609120244565,168.4199981689453,178.30999755859375,-0.17064485100121196,-0.21664519887685174,4942095.0,1.3403627409023906,4.846998858087699,0.4009155276844779,-9.60423167157326,925268207.4829102,False,0.18181818181818182,False,False,False,True,False,False,True,2,0.0,True,True,US_MINE_H10_MAX2_SC70_R5_L65_normal_only_near_or_rebound_SL10_TR0_A25_D16_momentum,美股 V104.2 驗證規則 H10 Top1 Max2 Stop-10%
2026-05-15,70.55999755859375,71.5999984741211,70.16000366210938,70.36000061035156,5106900,XYZ,XYZ,Block,US,71.41149978637695,64.50933316548665,63.55608339309693,-0.016356748062519855,-0.059986612629283065,-0.01262982737719176,0.3303082136945974,77.16000366210938,77.16000366210938,-0.08812859939115136,-0.08812859939115136,5545600.0,0.9208922388920946,3.6870583863685096,0.7222254600170602,-1.4724507665724418,359321487.1170044,False,0.01818181818181818,False,False,True,True,False,False,True,3,43.711540260071594,False,True,US_MINE_H10_MAX2_SC70_R5_L65_normal_only_near_or_rebound_SL10_TR0_A25_D16_momentum,美股 V104.2 驗證規則 H10 Top1 Max2 Stop-10%
